{
  "project_info": {
    "project_number": "574845643170",
    "project_id": "pipesonline-b2a41",
    "storage_bucket": "pipesonline-b2a41.appspot.com"
  },
  "client": [
    {
      "client_info": {
        "mobilesdk_app_id": "1:574845643170:android:bfd5cd9d889f7706772afb",
        "android_client_info": {
          "package_name": "com.example.pipes_online"
        }
      },
      "oauth_client": [
        {
          "client_id": "574845643170-soci7oaachkop4j3n7dsddcuae87s5c8.apps.googleusercontent.com",
          "client_type": 1,
          "android_info": {
            "package_name": "com.example.pipes_online",
            "certificate_hash": "6a01a562ea03ae37f5f994ad5eba3490cdddb9d0"
          }
        },
        {
          "client_id": "574845643170-bjr8ls0ja2vervb8l3rc5372oddle9d0.apps.googleusercontent.com",
          "client_type": 3
        }
      ],
      "api_key": [
        {
          "current_key": "AIzaSyBLsteq6R_a2niFTK0Gm7VUTN0DtUMQmUM"
        }
      ],
      "services": {
        "appinvite_service": {
          "other_platform_oauth_client": [
            {
              "client_id": "574845643170-bjr8ls0ja2vervb8l3rc5372oddle9d0.apps.googleusercontent.com",
              "client_type": 3
            }
          ]
        }
      }
    }
  ],
  "configuration_version": "1"
}